,Country Name,Country Code,1995,1996,1997,1998,1999,2000,2001,2002,2003,2004,2005,2006,2007,2008,2009,2010,2011,2012,2013,2014,2015,2016,2017,2018,Unnamed: 65
0,Aruba,ABW,80324.0,83200.0,85451.0,87277.0,89005.0,90853.0,92898.0,94992.0,97017.0,98737.0,100031.0,100834.0,101222.0,101358.0,101455.0,101669.0,102046.0,102560.0,103159.0,103774.0,104341.0,104872.0,105366.0,105845.0,
1,Afghanistan,AFG,18110657.0,18853437.0,19357126.0,19737765.0,20170844.0,20779953.0,21606988.0,22600770.0,23680871.0,24726684.0,25654277.0,26433049.0,27100536.0,27722276.0,28394813.0,29185507.0,30117413.0,31161376.0,32269589.0,33370794.0,34413603.0,35383128.0,36296400.0,37172386.0,
2,Angola,AGO,13945206.0,14400719.0,14871570.0,15359601.0,15866869.0,16395473.0,16945753.0,17519417.0,18121479.0,18758145.0,19433602.0,20149901.0,20905363.0,21695634.0,22514281.0,23356246.0,24220661.0,25107931.0,26015780.0,26941779.0,27884381.0,28842484.0,29816748.0,30809762.0,
3,Albania,ALB,3187784.0,3168033.0,3148281.0,3128530.0,3108778.0,3089027.0,3060173.0,3051010.0,3039616.0,3026939.0,3011487.0,2992547.0,2970017.0,2947314.0,2927519.0,2913021.0,2905195.0,2900401.0,2895092.0,2889104.0,2880703.0,2876101.0,2873457.0,2866376.0,
4,Andorra,AND,63850.0,64360.0,64327.0,64142.0,64370.0,65390.0,67341.0,70049.0,73182.0,76244.0,78867.0,80993.0,82684.0,83862.0,84463.0,84449.0,83747.0,82427.0,80774.0,79213.0,78011.0,77297.0,77001.0,77006.0,
6,United Arab Emirates,ARE,2415090.0,2539126.0,2671362.0,2813214.0,2966034.0,3134062.0,3302719.0,3478777.0,3711932.0,4068570.0,4588225.0,5300174.0,6168838.0,7089487.0,7917372.0,8549988.0,8946777.0,9141596.0,9197910.0,9214175.0,9262900.0,9360980.0,9487203.0,9630959.0,
7,Argentina,ARG,34828170.0,35246374.0,35657429.0,36063459.0,36467218.0,36870787.0,37275652.0,37681749.0,38087868.0,38491972.0,38892931.0,39289878.0,39684295.0,40080160.0,40482788.0,40788453.0,41261490.0,41733271.0,42202935.0,42669500.0,43131966.0,43590368.0,44044811.0,44494502.0,
8,Armenia,ARM,3217348.0,3168221.0,3133089.0,3108687.0,3089022.0,3069591.0,3050687.0,3033978.0,3017932.0,3000720.0,2981269.0,2958307.0,2932618.0,2907618.0,2888092.0,2877319.0,2876538.0,2884229.0,2897584.0,2912403.0,2925553.0,2936146.0,2944809.0,2951776.0,
9,American Samoa,ASM,53161.0,54211.0,55221.0,56171.0,57053.0,57821.0,58494.0,59080.0,59504.0,59681.0,59562.0,59107.0,58365.0,57492.0,56683.0,56079.0,55759.0,55667.0,55713.0,55791.0,55812.0,55741.0,55620.0,55465.0,
10,Antigua and Barbuda,ATG,68670.0,70173.0,71704.0,73224.0,74674.0,76016.0,77212.0,78295.0,79300.0,80336.0,81465.0,82704.0,84026.0,85397.0,86746.0,88028.0,89253.0,90409.0,91516.0,92562.0,93566.0,94527.0,95426.0,96286.0,
11,Australia,AUS,18072000.0,18311000.0,18517000.0,18711000.0,18926000.0,19153000.0,19413000.0,19651400.0,19895400.0,20127400.0,20394800.0,20697900.0,20827600.0,21249200.0,21691700.0,22031750.0,22340024.0,22733465.0,23128129.0,23475686.0,23815995.0,24190907.0,24601860.0,24982688.0,
12,Austria,AUT,7948278.0,7959017.0,7968041.0,7976789.0,7992324.0,8011566.0,8042293.0,8081957.0,8121423.0,8171966.0,8227829.0,8268641.0,8295487.0,8321496.0,8343323.0,8363404.0,8391643.0,8429991.0,8479823.0,8546356.0,8642699.0,8736668.0,8797566.0,8840521.0,
13,Azerbaijan,AZE,7685000.0,7763000.0,7838250.0,7913000.0,7982750.0,8048600.0,8111200.0,8171950.0,8234100.0,8306500.0,8391850.0,8484550.0,8581300.0,8763400.0,8947243.0,9054332.0,9173082.0,9295784.0,9416801.0,9535079.0,9649341.0,9757812.0,9854033.0,9939771.0,
14,Burundi,BDI,5987043.0,6060111.0,6122130.0,6185562.0,6267124.0,6378871.0,6525545.0,6704113.0,6909154.0,7131693.0,7364862.0,7607849.0,7862214.0,8126102.0,8397668.0,8675602.0,8958406.0,9245988.0,9540289.0,9844297.0,10160030.0,10487998.0,10827024.0,11175378.0,
15,Belgium,BEL,10136811.0,10156637.0,10181245.0,10203008.0,10226419.0,10251250.0,10286570.0,10332785.0,10376133.0,10421137.0,10478617.0,10547958.0,10625700.0,10709973.0,10796493.0,10895586.0,11038264.0,11106932.0,11159407.0,11209057.0,11274196.0,11331422.0,11375158.0,11427054.0,
16,Benin,BEN,5905558.0,6094259.0,6281639.0,6470265.0,6664098.0,6865951.0,7076733.0,7295394.0,7520555.0,7750004.0,7982225.0,8216897.0,8454793.0,8696921.0,8944708.0,9199259.0,9460830.0,9729248.0,10004588.0,10286842.0,10575952.0,10872067.0,11175204.0,11485048.0,
17,Burkina Faso,BFA,10089878.0,10372745.0,10665546.0,10968724.0,11282701.0,11607942.0,11944587.0,12293100.0,12654621.0,13030569.0,13421930.0,13829176.0,14252021.0,14689725.0,15141098.0,15605217.0,16081911.0,16571246.0,17072775.0,17586017.0,18110624.0,18646378.0,19193284.0,19751535.0,
18,Bangladesh,BGD,115169930.0,117649932.0,120160564.0,122682815.0,125189651.0,127657854.0,130088702.0,132478086.0,134791603.0,136986432.0,139035505.0,140921167.0,142660376.0,144304167.0,145924797.0,147575430.0,149273778.0,151007807.0,152764676.0,154520167.0,156256276.0,157970840.0,159670593.0,161356039.0,
19,Bulgaria,BGR,8406067.0,8362826.0,8312068.0,8256786.0,8210624.0,8170172.0,8009142.0,7837161.0,7775327.0,7716860.0,7658972.0,7601022.0,7545338.0,7492561.0,7444443.0,7395599.0,7348328.0,7305888.0,7265115.0,7223938.0,7177991.0,7127822.0,7075947.0,7025037.0,
20,Bahrain,BHR,563697.0,578666.0,594931.0,613700.0,636541.0,664611.0,697545.0,735146.0,778708.0,829844.0,889164.0,958418.0,1035919.0,1114641.0,1185076.0,1240860.0,1278151.0,1299943.0,1315029.0,1336075.0,1371851.0,1425791.0,1494074.0,1569439.0,
21,"Bahamas, The",BHS,280184.0,283978.0,287358.0,290597.0,294062.0,298051.0,302618.0,307660.0,313129.0,318894.0,324859.0,331033.0,337389.0,343681.0,349604.0,354942.0,359577.0,363584.0,367168.0,370633.0,374206.0,377931.0,381761.0,385640.0,
22,Bosnia and Herzegovina,BIH,3829050.0,3764425.0,3736070.0,3734337.0,3743354.0,3751176.0,3755512.0,3759387.0,3762173.0,3764194.0,3765331.0,3765424.0,3762786.0,3754271.0,3735938.0,3705472.0,3661175.0,3604972.0,3542605.0,3482104.0,3429361.0,3386267.0,3351527.0,3323929.0,
23,Belarus,BLR,10194000.0,10160000.0,10117000.0,10069000.0,10026738.0,9979610.0,9928549.0,9865548.0,9796749.0,9730146.0,9663915.0,9604924.0,9560953.0,9527985.0,9506765.0,9490583.0,9473172.0,9464495.0,9465997.0,9474511.0,9489616.0,9501534.0,9498264.0,9483499.0,
24,Belize,BLZ,206963.0,213664.0,221580.0,230244.0,238988.0,247315.0,255063.0,262378.0,269425.0,276504.0,283800.0,291329.0,299025.0,306823.0,314655.0,322464.0,330237.0,338000.0,345715.0,353366.0,360933.0,368400.0,375769.0,383071.0,
25,Bermuda,BMU,59746.0,60129.0,60497.0,60943.0,61285.0,61833.0,62504.0,62912.0,63325.0,63740.0,64154.0,64523.0,64888.0,65273.0,65636.0,65124.0,64564.0,64798.0,65001.0,65138.0,65237.0,64554.0,63873.0,63920.0,
26,Bolivia,BOL,7622338.0,7779267.0,7937458.0,8096761.0,8257066.0,8418264.0,8580235.0,8742814.0,8905823.0,9069039.0,9232306.0,9395446.0,9558439.0,9721454.0,9884781.0,10048590.0,10212954.0,10377676.0,10542376.0,10706517.0,10869730.0,11031813.0,11192854.0,11353142.0,
27,Brazil,BRA,162019896.0,164614688.0,167209040.0,169785250.0,172318675.0,174790340.0,177196054.0,179537520.0,181809246.0,184006481.0,186127103.0,188167356.0,190130443.0,192030362.0,193886508.0,195713635.0,197514534.0,199287296.0,201035903.0,202763735.0,204471769.0,206163058.0,207833831.0,209469333.0,
28,Barbados,BRB,265955.0,267049.0,268187.0,269336.0,270451.0,271515.0,272500.0,273425.0,274329.0,275284.0,276323.0,277477.0,278700.0,279946.0,281104.0,282131.0,282987.0,283700.0,284296.0,284825.0,285324.0,285796.0,286233.0,286641.0,
29,Brunei Darussalam,BRN,297114.0,304622.0,311958.0,319144.0,326210.0,333165.0,340034.0,346782.0,353293.0,359433.0,365114.0,370263.0,374965.0,379421.0,383906.0,388646.0,393688.0,398989.0,404421.0,409769.0,414907.0,419800.0,424473.0,428962.0,
30,Bhutan,BTN,534620.0,541465.0,551709.0,564377.0,577881.0,591021.0,603640.0,616018.0,627839.0,638815.0,648739.0,657410.0,664876.0,671613.0,678323.0,685503.0,693298.0,701583.0,710238.0,719056.0,727876.0,736709.0,745568.0,754394.0,
31,Botswana,BWA,1469174.0,1504730.0,1540425.0,1575824.0,1610264.0,1643334.0,1674678.0,1704642.0,1734398.0,1765527.0,1799078.0,1835908.0,1875459.0,1915639.0,1953498.0,1987105.0,2015402.0,2039551.0,2062536.0,2088614.0,2120716.0,2159944.0,2205128.0,2254126.0,
32,Central African Republic,CAF,3222656.0,3308233.0,3392436.0,3475492.0,3558014.0,3640427.0,3722018.0,3802128.0,3881181.0,3959875.0,4038382.0,4118069.0,4198010.0,4273366.0,4337625.0,4386768.0,4418636.0,4436415.0,4447942.0,4464175.0,4493170.0,4537687.0,4596028.0,4666377.0,
33,Canada,CAN,29302311.0,29610218.0,29905948.0,30155173.0,30401286.0,30685730.0,31020902.0,31360079.0,31644028.0,31940655.0,32243753.0,32571174.0,32889025.0,33247118.0,33628895.0,34004889.0,34339328.0,34714222.0,35082954.0,35437435.0,35702908.0,36109487.0,36545295.0,37065178.0,
35,Switzerland,CHE,7040687.0,7071850.0,7088906.0,7110001.0,7143991.0,7184250.0,7229854.0,7284753.0,7339001.0,7389625.0,7437115.0,7483934.0,7551117.0,7647675.0,7743831.0,7824909.0,7912398.0,7996861.0,8089346.0,8188649.0,8282396.0,8373338.0,8451840.0,8514329.0,
36,Channel Islands,CHI,143484.0,144335.0,145373.0,146498.0,147555.0,148443.0,149097.0,149596.0,150068.0,150716.0,151678.0,153008.0,154636.0,156433.0,158178.0,159734.0,160998.0,162056.0,163038.0,164100.0,165385.0,166923.0,168665.0,170499.0,
37,Chile,CHL,14380866.0,14587370.0,14786220.0,14977733.0,15162800.0,15342353.0,15516113.0,15684409.0,15849652.0,16014971.0,16182721.0,16354504.0,16530195.0,16708258.0,16886186.0,17062536.0,17233576.0,17400347.0,17571507.0,17758959.0,17969353.0,18209068.0,18470439.0,18729160.0,
38,China,CHN,1204855000.0,1217550000.0,1230075000.0,1241935000.0,1252735000.0,1262645000.0,1271850000.0,1280400000.0,1288400000.0,1296075000.0,1303720000.0,1311020000.0,1317885000.0,1324655000.0,1331260000.0,1337705000.0,1344130000.0,1350695000.0,1357380000.0,1364270000.0,1371220000.0,1378665000.0,1386395000.0,1392730000.0,
39,Cote d'Ivoire,CIV,14199762.0,14665127.0,15130663.0,15589414.0,16032573.0,16454668.0,16853026.0,17231539.0,17599610.0,17970494.0,18354514.0,18754916.0,19171237.0,19605569.0,20059147.0,20532950.0,21028655.0,21547188.0,22087505.0,22647683.0,23226143.0,23822714.0,24437469.0,25069229.0,
40,Cameroon,CMR,13599988.0,13970813.0,14344449.0,14723768.0,15112592.0,15513945.0,15928910.0,16357602.0,16800865.0,17259322.0,17733410.0,18223674.0,18730282.0,19252666.0,19789919.0,20341241.0,20906388.0,21485266.0,22077298.0,22681858.0,23298368.0,23926539.0,24566045.0,25216237.0,
41,"Congo, Dem. Rep.",COD,41576234.0,42757243.0,43827180.0,44849967.0,45919613.0,47105826.0,48428545.0,49871666.0,51425580.0,53068880.0,54785903.0,56578037.0,58453683.0,60411195.0,62448574.0,64563854.0,66755153.0,69020747.0,71358807.0,73767447.0,76244544.0,78789127.0,81398764.0,84068091.0,
42,"Congo, Rep.",COG,2707537.0,2785810.0,2867280.0,2951647.0,3038433.0,3127411.0,3217933.0,3310387.0,3406922.0,3510468.0,3622775.0,3745141.0,3876119.0,4011486.0,4145391.0,4273731.0,4394844.0,4510198.0,4622761.0,4736974.0,4856095.0,4980999.0,5110702.0,5244363.0,
43,Colombia,COL,36421438.0,37076387.0,37723803.0,38364307.0,38999468.0,39629965.0,40255956.0,40875363.0,41483872.0,42075953.0,42647731.0,43200901.0,43737512.0,44254972.0,44750054.0,45222699.0,45662747.0,46075721.0,46495492.0,46967706.0,47520667.0,48175048.0,48909844.0,49661056.0,
44,Comoros,COM,475394.0,488627.0,501953.0,515385.0,528848.0,542357.0,555888.0,569479.0,583211.0,597228.0,611627.0,626425.0,641620.0,657229.0,673252.0,689692.0,706569.0,723871.0,741505.0,759390.0,777424.0,795592.0,813892.0,832322.0,
45,Cabo Verde,CPV,386284.0,395533.0,404259.0,412514.0,420452.0,428188.0,435709.0,442951.0,449930.0,456617.0,463032.0,469170.0,475060.0,480842.0,486671.0,492654.0,498856.0,505235.0,511748.0,518269.0,524743.0,531146.0,537497.0,543767.0,
46,Costa Rica,CRI,3545534.0,3632362.0,3718949.0,3803887.0,3885430.0,3962372.0,4034074.0,4100925.0,4164053.0,4225155.0,4285502.0,4345412.0,4404628.0,4463125.0,4520740.0,4577378.0,4633086.0,4688000.0,4742107.0,4795396.0,4847804.0,4899345.0,4949954.0,4999441.0,
48,Cuba,CUB,10888252.0,10939293.0,10989732.0,11038692.0,11084670.0,11126430.0,11164667.0,11199651.0,11229183.0,11250365.0,11261582.0,11261248.0,11251122.0,11236971.0,11226709.0,11225832.0,11236670.0,11257101.0,11282720.0,11306902.0,11324781.0,11335109.0,11339259.0,11338138.0,
49,Curacao,CUW,145139.0,146306.0,146956.0,144472.0,139428.0,133860.0,129047.0,129205.0,131897.0,134192.0,137658.0,141239.0,144056.0,145880.0,146833.0,148703.0,150831.0,152088.0,153822.0,155909.0,157980.0,159664.0,160175.0,159336.0,
50,Cayman Islands,CYM,32166.0,34065.0,36156.0,38329.0,40420.0,42303.0,43935.0,45351.0,46632.0,47902.0,49261.0,50740.0,52280.0,53836.0,55322.0,56672.0,57878.0,58958.0,59932.0,60848.0,61724.0,62569.0,63382.0,64174.0,
51,Cyprus,CYP,855383.0,873423.0,891190.0,908702.0,926046.0,943290.0,960276.0,976964.0,993563.0,1010408.0,1027662.0,1045507.0,1063713.0,1081563.0,1098083.0,1112612.0,1124833.0,1135046.0,1143866.0,1152285.0,1160985.0,1170187.0,1179680.0,1189265.0,
52,Czech Republic,CZE,10327253.0,10315241.0,10304131.0,10294373.0,10283860.0,10255063.0,10216605.0,10196916.0,10193998.0,10197101.0,10211216.0,10238905.0,10298828.0,10384603.0,10443936.0,10474410.0,10496088.0,10510785.0,10514272.0,10525347.0,10546059.0,10566332.0,10594438.0,10629928.0,
53,Germany,DEU,81678051.0,81914831.0,82034771.0,82047195.0,82100243.0,82211508.0,82349925.0,82488495.0,82534176.0,82516260.0,82469422.0,82376451.0,82266372.0,82110097.0,81902307.0,81776930.0,80274983.0,80425823.0,80645605.0,80982500.0,81686611.0,82348669.0,82657002.0,82905782.0,
54,Djibouti,DJI,630388.0,643654.0,660863.0,680463.0,699975.0,717584.0,733015.0,746942.0,759641.0,771603.0,783254.0,794563.0,805451.0,816358.0,827823.0,840198.0,853674.0,868136.0,883293.0,898696.0,913993.0,929112.0,944097.0,958920.0,
55,Dominica,DMA,71098.0,70936.0,70599.0,70185.0,69835.0,69650.0,69661.0,69837.0,70100.0,70382.0,70589.0,70718.0,70795.0,70827.0,70851.0,70878.0,70916.0,70965.0,71016.0,71085.0,71183.0,71307.0,71458.0,71625.0,
56,Denmark,DNK,5233373.0,5263074.0,5284991.0,5304219.0,5321799.0,5339616.0,5358783.0,5375931.0,5390574.0,5404523.0,5419432.0,5437272.0,5461438.0,5493621.0,5523095.0,5547683.0,5570572.0,5591572.0,5614932.0,5643475.0,5683483.0,5728010.0,5764980.0,5793636.0,
57,Dominican Republic,DOM,7819247.0,7952763.0,8084407.0,8214426.0,8343283.0,8471321.0,8598601.0,8724975.0,8850317.0,8974444.0,9097257.0,9218686.0,9338861.0,9458075.0,9576737.0,9695121.0,9813210.0,9930911.0,10048224.0,10165178.0,10281680.0,10397743.0,10513131.0,10627165.0,
58,Algeria,DZA,28757785.0,29266405.0,29742979.0,30192754.0,30623406.0,31042235.0,31451514.0,31855109.0,32264157.0,32692163.0,33149724.0,33641002.0,34166972.0,34730608.0,35333881.0,35977455.0,36661444.0,37383887.0,38140132.0,38923687.0,39728025.0,40551404.0,41389198.0,42228429.0,
64,Ecuador,ECU,11455204.0,11703174.0,11951452.0,12198449.0,12442115.0,12681123.0,12914667.0,13143465.0,13369678.0,13596388.0,13825847.0,14059384.0,14296557.0,14535739.0,14774424.0,15011117.0,15243883.0,15474102.0,15707474.0,15951838.0,16212020.0,16491115.0,16785361.0,17084357.0,
65,"Egypt, Arab Rep.",EGY,62334034.0,63601629.0,64892270.0,66200269.0,67515591.0,68831561.0,70152661.0,71485043.0,72826097.0,74172073.0,75523569.0,76873663.0,78232126.0,79636079.0,81134798.0,82761235.0,84529250.0,86422240.0,88404640.0,90424654.0,92442547.0,94447072.0,96442593.0,98423595.0,
67,Eritrea,ERI,2204222.0,2196464.0,2195179.0,2206432.0,2237405.0,2292416.0,2374722.0,2481058.0,2600973.0,2719803.0,2826659.0,2918205.0,2996536.0,3062779.0,3119920.0,3170435.0,3213972.0,,,,,,,,
68,Spain,ESP,39724050.0,39889852.0,40057389.0,40223509.0,40386875.0,40567864.0,40850412.0,41431558.0,42187645.0,42921895.0,43653155.0,44397319.0,45226803.0,45954106.0,46362946.0,46576897.0,46742697.0,46773055.0,46620045.0,46480882.0,46444832.0,46484062.0,46593236.0,46797754.0,
69,Estonia,EST,1436634.0,1415594.0,1399535.0,1386156.0,1390244.0,1396985.0,1388115.0,1379350.0,1370720.0,1362550.0,1354775.0,1346810.0,1340680.0,1337090.0,1334515.0,1331475.0,1327439.0,1322696.0,1317997.0,1314545.0,1315407.0,1315790.0,1317384.0,1321977.0,
70,Ethiopia,ETH,57047908.0,58883530.0,60697443.0,62507724.0,64343013.0,66224804.0,68159423.0,70142091.0,72170584.0,74239505.0,76346311.0,78489206.0,80674348.0,82916235.0,85233913.0,87639964.0,90139927.0,92726971.0,95385785.0,98094253.0,100835458.0,103603501.0,106400024.0,109224559.0,
73,Finland,FIN,5107790.0,5124573.0,5139835.0,5153498.0,5165474.0,5176209.0,5188008.0,5200598.0,5213014.0,5228172.0,5246096.0,5266268.0,5288720.0,5313399.0,5338871.0,5363352.0,5388272.0,5413971.0,5438972.0,5461512.0,5479531.0,5495303.0,5508214.0,5515525.0,
74,Fiji,FJI,775425.0,784386.0,792736.0,800157.0,806303.0,811006.0,813925.0,815257.0,816076.0,817860.0,821604.0,827870.0,836190.0,845361.0,853637.0,859818.0,863449.0,865069.0,865608.0,866453.0,868627.0,872399.0,877459.0,883483.0,
75,France,FRA,59541899.0,59753100.0,59964851.0,60186288.0,60496718.0,60912500.0,61357430.0,61805267.0,62244886.0,62704895.0,63179351.0,63621381.0,64016225.0,64374984.0,64707040.0,65027507.0,65342780.0,65659809.0,65998687.0,66312067.0,66548272.0,66724104.0,66864379.0,66965912.0,
76,Faroe Islands,FRO,45625.0,45615.0,45796.0,46096.0,46436.0,46735.0,46997.0,47233.0,47432.0,47600.0,47722.0,47792.0,47825.0,47820.0,47808.0,47814.0,47823.0,47843.0,47892.0,47960.0,48051.0,48173.0,48331.0,48497.0,
77,"Micronesia, Fed. Sts.",FSM,107529.0,108321.0,108480.0,108208.0,107781.0,107402.0,107173.0,107030.0,106901.0,106625.0,106129.0,105371.0,104444.0,103543.0,102975.0,102911.0,103450.0,104506.0,105926.0,107446.0,108895.0,110215.0,111459.0,112640.0,
78,Gabon,GAB,1084946.0,1112955.0,1141338.0,1170061.0,1199052.0,1228360.0,1258003.0,1288315.0,1319953.0,1353795.0,1390549.0,1430152.0,1472575.0,1518540.0,1568928.0,1624140.0,1684635.0,1749682.0,1817071.0,1883800.0,1947686.0,2007873.0,2064823.0,2119275.0,
79,United Kingdom,GBR,58019030.0,58166950.0,58316954.0,58487141.0,58682466.0,58892514.0,59119673.0,59370479.0,59647577.0,59987905.0,60401206.0,60846820.0,61322463.0,61806995.0,62276270.0,62766365.0,63258810.0,63700215.0,64128273.0,64602298.0,65116219.0,65611593.0,66058859.0,66460344.0,
80,Georgia,GEO,4657722.0,4491699.0,4349913.0,4243607.0,4157192.0,4077131.0,4014373.0,3978515.0,3951736.0,3927340.0,3902469.0,3880347.0,3860158.0,3848449.0,3814419.0,3786695.0,3756441.0,3728874.0,3717668.0,3719414.0,3725276.0,3727505.0,3728004.0,3726549.0,
81,Ghana,GHA,17014057.0,17462496.0,17908985.0,18357156.0,18812359.0,19278856.0,19756928.0,20246381.0,20750299.0,21272323.0,21814642.0,22379055.0,22963946.0,23563825.0,24170940.0,24779619.0,25387710.0,25996449.0,26607642.0,27224472.0,27849205.0,28481946.0,29121471.0,29767108.0,
82,Gibraltar,GIB,28692.0,28971.0,29408.0,29947.0,30529.0,31077.0,31602.0,32102.0,32555.0,32928.0,33219.0,33417.0,33517.0,33559.0,33565.0,33585.0,33612.0,33646.0,33692.0,33725.0,33736.0,33737.0,33728.0,33718.0,
83,Guinea,GIN,7269625.0,7463782.0,7662075.0,7860781.0,8054743.0,8240730.0,8417081.0,8586074.0,8753093.0,8925743.0,9109581.0,9307425.0,9518162.0,9738792.0,9964469.0,10192176.0,10420471.0,10652029.0,10892810.0,11150977.0,11432088.0,11738441.0,12067539.0,12414318.0,
84,"Gambia, The",GMB,1128575.0,1164091.0,1200526.0,1238125.0,1277133.0,1317703.0,1360074.0,1404261.0,1449925.0,1496527.0,1543741.0,1591445.0,1639848.0,1689285.0,1740279.0,1793196.0,1848147.0,1905011.0,1963711.0,2024042.0,2085860.0,2149139.0,2213894.0,2280102.0,
85,Guinea-Bissau,GNB,1088854.0,1110833.0,1132510.0,1154371.0,1177131.0,1201301.0,1227106.0,1254453.0,1283305.0,1313492.0,1344930.0,1377581.0,1411543.0,1446936.0,1483921.0,1522599.0,1562989.0,1604979.0,1648257.0,1692439.0,1737202.0,1782437.0,1828146.0,1874309.0,
86,Equatorial Guinea,GNQ,496768.0,515853.0,536460.0,558492.0,581770.0,606181.0,631666.0,658384.0,686664.0,716949.0,749535.0,784496.0,821687.0,860840.0,901599.0,943639.0,986853.0,1031191.0,1076413.0,1122276.0,1168568.0,1215179.0,1262001.0,1308974.0,
87,Greece,GRC,10562153.0,10608800.0,10661259.0,10720509.0,10761698.0,10805808.0,10862132.0,10902022.0,10928070.0,10955141.0,10987314.0,11020362.0,11048473.0,11077841.0,11107017.0,11121341.0,11104899.0,11045011.0,10965211.0,10892413.0,10820883.0,10775971.0,10754679.0,10732882.0,
88,Grenada,GRD,100288.0,101001.0,101567.0,102021.0,102432.0,102833.0,103249.0,103634.0,104005.0,104347.0,104661.0,104933.0,105190.0,105456.0,105789.0,106233.0,106796.0,107446.0,108170.0,108902.0,109599.0,110261.0,110874.0,111454.0,
89,Greenland,GRL,55800.0,55900.0,56000.0,56100.0,56100.0,56200.0,56350.0,56609.0,56765.0,56911.0,56935.0,56774.0,56555.0,56328.0,56323.0,56905.0,56890.0,56810.0,56483.0,56295.0,56114.0,56186.0,56172.0,56023.0,
90,Guatemala,GTM,10286786.0,10536942.0,10788362.0,11046215.0,11311078.0,11589761.0,11871565.0,12147518.0,12415334.0,12682108.0,12948292.0,13213330.0,13477017.0,13739299.0,14000190.0,14259687.0,14521515.0,14781942.0,15043981.0,15306316.0,15567419.0,15827690.0,16087418.0,16346950.0,
91,Guam,GUM,145561.0,148060.0,150303.0,152277.0,153953.0,155329.0,156401.0,157176.0,157717.0,158101.0,158402.0,158648.0,158847.0,159036.0,159226.0,159444.0,159692.0,159996.0,160407.0,161016.0,161853.0,162951.0,164281.0,165768.0,
92,Guyana,GUY,761291.0,760795.0,757970.0,753778.0,749674.0,746715.0,745206.0,744789.0,745143.0,745737.0,746163.0,746343.0,746474.0,746817.0,747718.0,749436.0,752028.0,755399.0,759285.0,763380.0,767432.0,771366.0,775221.0,779004.0,
94,"Hong Kong SAR, China",HKG,6156100.0,6435500.0,6489300.0,6543700.0,6606500.0,6665000.0,6714300.0,6744100.0,6730800.0,6783500.0,6813200.0,6857100.0,6916300.0,6957800.0,6972800.0,7024200.0,7071600.0,7150100.0,7178900.0,7229500.0,7291300.0,7336600.0,7391700.0,7451000.0,
95,Honduras,HND,5709014.0,5874809.0,6045699.0,6220406.0,6397151.0,6574509.0,6751912.0,6929265.0,7106319.0,7282953.0,7458985.0,7634298.0,7808518.0,7980955.0,8150775.0,8317470.0,8480671.0,8640691.0,8798521.0,8955589.0,9112916.0,9270795.0,9429013.0,9587522.0,
97,Croatia,HRV,4620030.0,4557097.0,4534920.0,4532135.0,4512597.0,4468302.0,4299642.0,4302174.0,4303399.0,4304600.0,4310145.0,4311159.0,4310217.0,4309705.0,4305181.0,4295427.0,4280622.0,4267558.0,4255689.0,4238389.0,4203604.0,4174349.0,4124531.0,4087843.0,
98,Haiti,HTI,7744503.0,7887304.0,8030726.0,8174680.0,8319057.0,8463806.0,8608819.0,8754150.0,8900104.0,9047077.0,9195288.0,9344785.0,9495328.0,9646580.0,9798046.0,9949322.0,10100320.0,10250930.0,10400673.0,10549008.0,10695542.0,10839970.0,10982366.0,11123176.0,
99,Hungary,HUN,10328965.0,10311238.0,10290486.0,10266570.0,10237530.0,10210971.0,10187576.0,10158608.0,10129552.0,10107146.0,10087065.0,10071370.0,10055780.0,10038188.0,10022650.0,10000023.0,9971727.0,9920362.0,9893082.0,9866468.0,9843028.0,9814023.0,9787966.0,9775564.0,
104,Indonesia,IDN,196934260.0,199901228.0,202826446.0,205724592.0,208615169.0,211513823.0,214427417.0,217357793.0,220309469.0,223285676.0,226289470.0,229318262.0,232374245.0,235469762.0,238620563.0,241834215.0,245116206.0,248452413.0,251806402.0,255129004.0,258383256.0,261554226.0,264645886.0,267663435.0,
106,Isle of Man,IMN,72131.0,72878.0,73850.0,74943.0,76001.0,76941.0,77703.0,78318.0,78884.0,79520.0,80305.0,81285.0,82408.0,83508.0,84376.0,84857.0,84886.0,84533.0,83976.0,83488.0,83234.0,83287.0,83598.0,84077.0,
107,India,IND,963922588.0,982365243.0,1000900030.0,1019483581.0,1038058156.0,1056575549.0,1075000085.0,1093317189.0,1111523144.0,1129623456.0,1147609927.0,1165486291.0,1183209472.0,1200669765.0,1217726215.0,1234281170.0,1250288729.0,1265782790.0,1280846129.0,1295604184.0,1310152403.0,1324509589.0,1338658835.0,1352617328.0,
109,Ireland,IRL,3608841.0,3637510.0,3674171.0,3712696.0,3754786.0,3805174.0,3866243.0,3931947.0,3996521.0,4070262.0,4159914.0,4273591.0,4398942.0,4489544.0,4535375.0,4560155.0,4580084.0,4599533.0,4623816.0,4657740.0,4701957.0,4755335.0,4807388.0,4867316.0,
110,"Iran, Islamic Rep.",IRN,61442664.0,62294920.0,63136312.0,63971836.0,64800880.0,65623405.0,66449112.0,67284796.0,68122938.0,68951281.0,69762347.0,70554760.0,71336475.0,72120604.0,72924837.0,73762519.0,74634956.0,75539862.0,76481943.0,77465753.0,78492215.0,79564016.0,80673951.0,81800269.0,
111,Iraq,IRQ,20149338.0,20783073.0,21439574.0,22114324.0,22802064.0,23497585.0,24208180.0,24931919.0,25644499.0,26313838.0,26922284.0,27448124.0,27911248.0,28385746.0,28973162.0,29741976.0,30725300.0,31890011.0,33157050.0,34411951.0,35572261.0,36610632.0,37552781.0,38433600.0,
112,Iceland,ISL,267468.0,268916.0,271128.0,274047.0,277381.0,281205.0,284968.0,287523.0,289521.0,292074.0,296734.0,303782.0,311566.0,317414.0,318499.0,318041.0,319014.0,320716.0,323764.0,327386.0,330815.0,335439.0,343400.0,352721.0,
113,Israel,ISR,5545000.0,5692000.0,5836000.0,5971000.0,6125000.0,6289000.0,6439000.0,6570000.0,6689700.0,6809000.0,6930100.0,7053700.0,7180100.0,7308800.0,7485600.0,7623600.0,7765800.0,7910500.0,8059500.0,8215700.0,8380100.0,8546000.0,8713300.0,8882800.0,
114,Italy,ITA,56844303.0,56860281.0,56890372.0,56906744.0,56916317.0,56942108.0,56974100.0,57059007.0,57313203.0,57685327.0,57969484.0,58143979.0,58438310.0,58826731.0,59095365.0,59277417.0,59379449.0,59539717.0,60233948.0,60789140.0,60730582.0,60627498.0,60536709.0,60421760.0,
115,Jamaica,JAM,2533711.0,2558637.0,2583916.0,2608873.0,2632675.0,2654701.0,2674702.0,2692845.0,2709437.0,2725015.0,2740003.0,2754407.0,2768227.0,2781876.0,2795837.0,2810460.0,2825929.0,2842132.0,2858709.0,2875136.0,2891021.0,2906238.0,2920853.0,2934855.0,
116,Jordan,JOR,4588843.0,4732854.0,4848541.0,4943975.0,5031762.0,5122493.0,5217336.0,5317506.0,5434030.0,5580244.0,5765635.0,5991540.0,6255280.0,6556478.0,6893260.0,7261539.0,7663131.0,8090872.0,8520420.0,8920049.0,9266575.0,9551467.0,9779173.0,9956011.0,
117,Japan,JPN,125439000.0,125757000.0,126057000.0,126400000.0,126631000.0,126843000.0,127149000.0,127445000.0,127718000.0,127761000.0,127773000.0,127854000.0,128001000.0,128063000.0,128047000.0,128070000.0,127833000.0,127629000.0,127445000.0,127276000.0,127141000.0,126994511.0,126785797.0,126529100.0,
118,Kazakhstan,KAZ,15816243.0,15578227.0,15334405.0,15071640.0,14928374.0,14883626.0,14858335.0,14858948.0,14909019.0,15012984.0,15147029.0,15308085.0,15484192.0,15776938.0,16092822.0,16321872.0,16557202.0,16792090.0,17035551.0,17288285.0,17542806.0,17794055.0,18037776.0,18276452.0,
119,Kenya,KEN,27768296.0,28589451.0,29415659.0,30250488.0,31098757.0,31964557.0,32848564.0,33751739.0,34678779.0,35635271.0,36624895.0,37649033.0,38705932.0,39791981.0,40901792.0,42030676.0,43178257.0,44343410.0,45519889.0,46699981.0,47878336.0,49051686.0,50221473.0,51393010.0,
120,Kyrgyz Republic,KGZ,4560400.0,4628400.0,4696400.0,4769000.0,4840400.0,4898400.0,4945100.0,4990700.0,5043300.0,5104700.0,5162600.0,5218400.0,5268400.0,5318700.0,5383300.0,5447900.0,5514600.0,5607200.0,5719600.0,5835500.0,5956900.0,6079500.0,6198200.0,6322800.0,
121,Cambodia,KHM,10656138.0,10982917.0,11298600.0,11600508.0,11886458.0,12155239.0,12405408.0,12637727.0,12856163.0,13066469.0,13273354.0,13477709.0,13679962.0,13883834.0,14093604.0,14312212.0,14541423.0,14780454.0,15026332.0,15274503.0,15521436.0,15766293.0,16009414.0,16249798.0,
122,Kiribati,KIR,77723.0,78903.0,80187.0,81556.0,82972.0,84396.0,85849.0,87305.0,88835.0,90499.0,92325.0,94343.0,96527.0,98761.0,100930.0,102927.0,104728.0,106370.0,107890.0,109391.0,110930.0,112524.0,114158.0,115847.0,
123,St. Kitts and Nevis,KNA,42077.0,42472.0,42857.0,43225.0,43622.0,44083.0,44602.0,45168.0,45749.0,46323.0,46852.0,47333.0,47769.0,48178.0,48599.0,49011.0,49442.0,49881.0,50328.0,50776.0,51204.0,51629.0,52036.0,52438.0,
124,"Korea, Rep.",KOR,45092991.0,45524681.0,45953580.0,46286503.0,46616677.0,47008111.0,47370164.0,47644736.0,47892330.0,48082519.0,48184561.0,48438292.0,48683638.0,49054708.0,49307835.0,49554112.0,49936638.0,50199853.0,50428893.0,50746659.0,51014947.0,51217803.0,51361911.0,51606633.0,
125,Kuwait,KWT,1605901.0,1626857.0,1710256.0,1831119.0,1951636.0,2045123.0,2103282.0,2136997.0,2161626.0,2200492.0,2270198.0,2373672.0,2504019.0,2656009.0,2821045.0,2991884.0,3168060.0,3348853.0,3526376.0,3690941.0,3835591.0,3956875.0,4056099.0,4137312.0,
127,Lao PDR,LAO,4846483.0,4951195.0,5050315.0,5144602.0,5235346.0,5323700.0,5409582.0,5493246.0,5576640.0,5662208.0,5751676.0,5846074.0,5944948.0,6046620.0,6148623.0,6249165.0,6347567.0,6444530.0,6541304.0,6639756.0,6741164.0,6845846.0,6953035.0,7061507.0,
128,Lebanon,LBN,3528380.0,3610665.0,3658424.0,3693520.0,3747766.0,3842778.0,3991001.0,4182205.0,4388375.0,4569378.0,4698763.0,4759753.0,4767344.0,4764741.0,4813026.0,4953061.0,5202343.0,5538634.0,5914621.0,6262410.0,6532678.0,6711121.0,6811873.0,6848925.0,
129,Liberia,LBR,2044661.0,2160478.0,2326202.0,2517481.0,2699712.0,2848456.0,2953927.0,3024729.0,3077058.0,3135651.0,3218116.0,3329211.0,3461911.0,3607860.0,3754133.0,3891356.0,4017443.0,4135659.0,4248334.0,4359505.0,4472230.0,4586788.0,4702228.0,4818977.0,
130,Libya,LBY,4948798.0,5036171.0,5118007.0,5196780.0,5275926.0,5357891.0,5443248.0,5531089.0,5620547.0,5710154.0,5798614.0,5886872.0,5974787.0,6058748.0,6133984.0,6197663.0,6247439.0,6285750.0,6320359.0,6362037.0,6418315.0,6492164.0,6580724.0,6678567.0,
131,St. Lucia,LCA,146870.0,148834.0,150913.0,153021.0,154995.0,156729.0,158179.0,159392.0,160530.0,161816.0,163417.0,165381.0,167639.0,170011.0,172221.0,174085.0,175544.0,176646.0,177513.0,178296.0,179126.0,180024.0,180955.0,181889.0,
135,Liechtenstein,LIE,30880.0,31348.0,31830.0,32311.0,32769.0,33184.0,33552.0,33879.0,34175.0,34452.0,34713.0,34970.0,35217.0,35471.0,35727.0,35994.0,36293.0,36615.0,36934.0,37223.0,37470.0,37658.0,37800.0,37910.0,
136,Sri Lanka,LKA,18242912.0,18367288.0,18470900.0,18564599.0,18663284.0,18777601.0,18911730.0,19062482.0,19224037.0,19387153.0,19544988.0,19695972.0,19842044.0,19983984.0,20123508.0,20261737.0,20398670.0,20425000.0,20585000.0,20778000.0,20970000.0,21203000.0,21444000.0,21670000.0,
139,Lesotho,LSO,1898598.0,1934291.0,1968044.0,1997516.0,2019731.0,2032804.0,2035740.0,2029829.0,2018348.0,2005940.0,1996114.0,1989939.0,1986922.0,1987129.0,1990131.0,1995581.0,2003787.0,2014990.0,2028519.0,2043437.0,2059021.0,2075001.0,2091412.0,2108132.0,
141,Lithuania,LTU,3629102.0,3601613.0,3575137.0,3549331.0,3524238.0,3499536.0,3470818.0,3443067.0,3415213.0,3377075.0,3322528.0,3269909.0,3231294.0,3198231.0,3162916.0,3097282.0,3028115.0,2987773.0,2957689.0,2932367.0,2904910.0,2868231.0,2828403.0,2801543.0,
142,Luxembourg,LUX,408625.0,414225.0,419450.0,424700.0,430475.0,436300.0,441525.0,446175.0,451630.0,458095.0,465158.0,472637.0,479993.0,488650.0,497783.0,506953.0,518347.0,530946.0,543360.0,556319.0,569604.0,582014.0,596336.0,607950.0,
143,Latvia,LVA,2485056.0,2457222.0,2432851.0,2410019.0,2390482.0,2367550.0,2337170.0,2310173.0,2287955.0,2263122.0,2238799.0,2218357.0,2200325.0,2177322.0,2141669.0,2097555.0,2059709.0,2034319.0,2012647.0,1993782.0,1977527.0,1959537.0,1942248.0,1927174.0,
144,"Macao SAR, China",MAC,385513.0,393373.0,401352.0,409616.0,418383.0,427782.0,437938.0,448821.0,460165.0,471597.0,482858.0,493799.0,504511.0,515239.0,526400.0,538219.0,550832.0,564039.0,577372.0,590208.0,602085.0,612836.0,622585.0,631636.0,
145,St. Martin (French part),MAF,27321.0,26849.0,26909.0,27392.0,28116.0,28935.0,29853.0,30910.0,32053.0,33186.0,34248.0,35237.0,36137.0,36885.0,37377.0,37582.0,37446.0,37009.0,36453.0,36015.0,35858.0,36065.0,36560.0,37264.0,
146,Morocco,MAR,26994250.0,27383473.0,27754571.0,28110443.0,28455509.0,28793679.0,29126330.0,29454768.0,29782884.0,30115214.0,30455561.0,30804683.0,31163673.0,31536811.0,31929087.0,32343389.0,32781850.0,33241898.0,33715693.0,34192347.0,34663603.0,35126296.0,35581294.0,36029138.0,
147,Monaco,MCO,30716.0,30995.0,31280.0,31556.0,31844.0,32147.0,32470.0,32806.0,33153.0,33500.0,33843.0,34190.0,34525.0,34872.0,35226.0,35612.0,36024.0,36460.0,36901.0,37322.0,37718.0,38070.0,38392.0,38682.0,
148,Moldova,MDA,2952307.0,2946401.0,2935524.0,2934339.0,2929735.0,2923783.0,2917252.0,2910504.0,2902320.0,2895147.0,2888111.0,2880095.0,2873429.0,2867964.0,2864346.0,2861487.0,2859833.0,2859458.0,2858692.0,2856950.0,2834530.0,2802170.0,2755158.0,2708214.0,
149,Madagascar,MDG,13475400.0,13902688.0,14347854.0,14808791.0,15282521.0,15766806.0,16260932.0,16765117.0,17279141.0,17802997.0,18336724.0,18880269.0,19433530.0,19996473.0,20569117.0,21151640.0,21743967.0,22346641.0,22961253.0,23589887.0,24234088.0,24894380.0,25570540.0,26262368.0,
150,Maldives,MDV,254139.0,259183.0,263842.0,268455.0,273527.0,279398.0,286306.0,294186.0,302683.0,311265.0,319608.0,327487.0,335169.0,343452.0,353398.0,365734.0,380495.0,397237.0,415593.0,435015.0,454915.0,475513.0,496402.0,515696.0,
152,Mexico,MEX,91663285.0,93147044.0,94611002.0,96056321.0,97484832.0,98899845.0,100298153.0,101684758.0,103081020.0,104514932.0,106005203.0,107560153.0,109170502.0,110815271.0,112463887.0,114092963.0,115695473.0,117274155.0,118827161.0,120355128.0,121858258.0,123333376.0,124777324.0,126190788.0,
153,Marshall Islands,MHL,50457.0,50533.0,50450.0,50356.0,50423.0,50753.0,51422.0,52370.0,53456.0,54476.0,55258.0,55767.0,56051.0,56174.0,56250.0,56366.0,56531.0,56717.0,56938.0,57179.0,57439.0,57735.0,58058.0,58413.0,
155,North Macedonia,MKD,1983252.0,1989443.0,1999598.0,2012057.0,2024394.0,2034819.0,2042842.0,2048928.0,2053426.0,2057048.0,2060273.0,2063131.0,2065426.0,2067313.0,2069039.0,2070741.0,2072487.0,2074278.0,2076067.0,2077775.0,2079328.0,2080745.0,2081996.0,2082958.0,
156,Mali,MLI,9585653.0,9837571.0,10094368.0,10360561.0,10642936.0,10946445.0,11271600.0,11616887.0,11982695.0,12369070.0,12775516.0,13203378.0,13651464.0,14113577.0,14581429.0,15049353.0,15514591.0,15979499.0,16449864.0,16934220.0,17438778.0,17965429.0,18512394.0,19077690.0,
157,Malta,MLT,377419.0,379905.0,382791.0,385287.0,387578.0,390087.0,393028.0,395969.0,398582.0,401268.0,403834.0,405308.0,406724.0,409379.0,412477.0,414508.0,416268.0,420028.0,425967.0,434558.0,445053.0,455356.0,467999.0,484630.0,
158,Myanmar,MMR,43901598.0,44452206.0,45027233.0,45611220.0,46181077.0,46719701.0,47225120.0,47702171.0,48148902.0,48564484.0,48949924.0,49301050.0,49621475.0,49929642.0,50250367.0,50600818.0,50990615.0,51413698.0,51852451.0,52280807.0,52680726.0,53045226.0,53382581.0,53708395.0,
160,Montenegro,MNE,611712.0,611003.0,609520.0,607662.0,606001.0,604950.0,607389.0,609828.0,612267.0,613353.0,614261.0,615025.0,615875.0,616969.0,618294.0,619428.0,620079.0,620601.0,621207.0,621810.0,622159.0,622303.0,622373.0,622227.0,
161,Mongolia,MNG,2298020.0,2316568.0,2335734.0,2355664.0,2376225.0,2397418.0,2419588.0,2443271.0,2468762.0,2496391.0,2526424.0,2558856.0,2593820.0,2631898.0,2673796.0,2719896.0,2770362.0,2824699.0,2881792.0,2940108.0,2998439.0,3056359.0,3113779.0,3170208.0,
162,Northern Mariana Islands,MNP,45870.0,47521.0,50056.0,52997.0,55636.0,57453.0,58321.0,58420.0,57947.0,57246.0,56542.0,55882.0,55219.0,54625.0,54193.0,53971.0,54012.0,54311.0,54784.0,55305.0,55780.0,56188.0,56562.0,56882.0,
163,Mozambique,MOZ,15483286.0,15960442.0,16397183.0,16813949.0,17244188.0,17711927.0,18221888.0,18764155.0,19331100.0,19910552.0,20493925.0,21080110.0,21673316.0,22276596.0,22894710.0,23531574.0,24187487.0,24862648.0,25560725.0,26286163.0,27042002.0,27829942.0,28649007.0,29495962.0,
164,Mauritania,MRT,2313630.0,2372901.0,2433563.0,2496216.0,2561585.0,2630219.0,2702400.0,2778099.0,2857148.0,2939247.0,3024194.0,3111906.0,3202517.0,3296238.0,3393409.0,3494195.0,3598648.0,3706554.0,3817494.0,3930896.0,4046301.0,4163534.0,4282574.0,4403319.0,
165,Mauritius,MUS,1122457.0,1133996.0,1148284.0,1160421.0,1175267.0,1186873.0,1196287.0,1204621.0,1213370.0,1221003.0,1228254.0,1233996.0,1239630.0,1244121.0,1247429.0,1250400.0,1252404.0,1255882.0,1258653.0,1260934.0,1262605.0,1263473.0,1264613.0,1265303.0,
166,Malawi,MWI,9844415.0,10022789.0,10264906.0,10552338.0,10854322.0,11148758.0,11432000.0,11713664.0,12000181.0,12301838.0,12625952.0,12973699.0,13341806.0,13727890.0,14128155.0,14539612.0,14962112.0,15396005.0,15839269.0,16289540.0,16745303.0,17205289.0,17670260.0,18143315.0,
167,Malaysia,MYS,20487607.0,21017613.0,21562793.0,22114654.0,22661298.0,23194257.0,23709119.0,24208391.0,24698819.0,25190652.0,25690611.0,26201961.0,26720370.0,27236006.0,27735040.0,28208035.0,28650955.0,29068159.0,29468872.0,29866559.0,30270962.0,30684804.0,31105028.0,31528585.0,
169,Namibia,NAM,1627865.0,1663378.0,1698032.0,1731639.0,1763859.0,1794571.0,1823672.0,1851523.0,1879117.0,1907745.0,1938320.0,1971317.0,2006514.0,2043394.0,2081044.0,2118874.0,2156701.0,2194784.0,2233510.0,2273430.0,2314904.0,2358041.0,2402603.0,2448255.0,
170,New Caledonia,NCL,193816.0,197564.0,201418.0,205279.0,209214.0,213230.0,217324.0,221490.0,225296.0,228750.0,232250.0,235750.0,239250.0,242750.0,245950.0,249750.0,254350.0,259000.0,263650.0,268050.0,272400.0,276550.0,280350.0,284060.0,
171,Niger,NER,9490288.0,9826598.0,10178201.0,10545716.0,10929918.0,11331557.0,11751365.0,12189983.0,12647984.0,13125916.0,13624467.0,14143971.0,14685399.0,15250908.0,15843133.0,16464025.0,17114761.0,17795191.0,18504255.0,19240157.0,20001663.0,20788838.0,21602472.0,22442948.0,
172,Nigeria,NGA,107948335.0,110668794.0,113457663.0,116319759.0,119260063.0,122283850.0,125394046.0,128596076.0,131900631.0,135320422.0,138865016.0,142538308.0,146339977.0,150269623.0,154324933.0,158503197.0,162805071.0,167228767.0,171765769.0,176404902.0,181137448.0,185960289.0,190873311.0,195874740.0,
173,Nicaragua,NIC,4652185.0,4741578.0,4827661.0,4910647.0,4991040.0,5069302.0,5145366.0,5219328.0,5292118.0,5364935.0,5438690.0,5513763.0,5590055.0,5667432.0,5745526.0,5824065.0,5903039.0,5982526.0,6062454.0,6142733.0,6223240.0,6303974.0,6384855.0,6465513.0,
174,Netherlands,NLD,15459006.0,15530498.0,15610650.0,15707209.0,15812088.0,15925513.0,16046180.0,16148929.0,16225302.0,16281779.0,16319868.0,16346101.0,16381696.0,16445593.0,16530388.0,16615394.0,16693074.0,16754962.0,16804432.0,16865008.0,16939923.0,17030314.0,17131296.0,17231624.0,
175,Norway,NOR,4359184.0,4381336.0,4405157.0,4431464.0,4461913.0,4490967.0,4513751.0,4538159.0,4564855.0,4591910.0,4623291.0,4660677.0,4709153.0,4768212.0,4828726.0,4889252.0,4953088.0,5018573.0,5079623.0,5137232.0,5188607.0,5234519.0,5276968.0,5311916.0,
176,Nepal,NPL,21576071.0,22090352.0,22584775.0,23057883.0,23509964.0,23941110.0,24347106.0,24725627.0,25080872.0,25419344.0,25744500.0,26066693.0,26382581.0,26666576.0,26883535.0,27013212.0,27041437.0,26989862.0,26917906.0,26906926.0,27015031.0,27261131.0,27627124.0,28087871.0,
177,Nauru,NRU,10628.0,10672.0,10647.0,10565.0,10449.0,10337.0,10215.0,10102.0,9994.0,9902.0,9849.0,9828.0,9842.0,9891.0,9939.0,10005.0,10057.0,10279.0,10821.0,11853.0,12475.0,13049.0,12876.0,12704.0,
178,New Zealand,NZL,3673400.0,3732000.0,3781300.0,3815000.0,3835100.0,3857700.0,3880500.0,3948500.0,4027200.0,4087500.0,4133900.0,4184600.0,4223800.0,4259800.0,4302600.0,4350700.0,4384000.0,4408100.0,4442100.0,4516500.0,4609400.0,4714100.0,4813600.0,4900600.0,
180,Oman,OMN,2204277.0,2236654.0,2249762.0,2251864.0,2254904.0,2267973.0,2294962.0,2334858.0,2386166.0,2445517.0,2511251.0,2580758.0,2657158.0,2750963.0,2876186.0,3041434.0,3251108.0,3498029.0,3764805.0,4027260.0,4267348.0,4479219.0,4665935.0,4829483.0,
182,Pakistan,PAK,123776839.0,127349290.0,131057431.0,134843233.0,138624621.0,142343578.0,145978402.0,149549700.0,153093373.0,156664697.0,160304008.0,164022627.0,167808105.0,171648986.0,175525609.0,179424641.0,183340592.0,187281475.0,191262919.0,195306825.0,199426964.0,203627284.0,207896686.0,212215030.0,
183,Panama,PAN,2739668.0,2796291.0,2853913.0,2912316.0,2971196.0,3030328.0,3089648.0,3149188.0,3209048.0,3269356.0,3330217.0,3391666.0,3453675.0,3516204.0,3579215.0,3642687.0,3706483.0,3770624.0,3835437.0,3901315.0,3968487.0,4037078.0,4106771.0,4176873.0,
184,Peru,PER,24299160.0,24753824.0,25210954.0,25658062.0,26078293.0,26459944.0,26799285.0,27100968.0,27372226.0,27624213.0,27866145.0,28102056.0,28333052.0,28562317.0,28792655.0,29027674.0,29264318.0,29506788.0,29773987.0,30090359.0,30470734.0,30926032.0,31444297.0,31989256.0,
185,Philippines,PHL,69784088.0,71401749.0,73030884.0,74672014.0,76325927.0,77991755.0,79672873.0,81365258.0,83051971.0,84710542.0,86326250.0,87888675.0,89405482.0,90901965.0,92414158.0,93966780.0,95570047.0,97212638.0,98871552.0,100513138.0,102113212.0,103663927.0,105173264.0,106651922.0,
186,Palau,PLW,17164.0,17593.0,18014.0,18410.0,18776.0,19105.0,19386.0,19637.0,19809.0,19867.0,19781.0,19540.0,19158.0,18704.0,18285.0,17955.0,17745.0,17640.0,17606.0,17626.0,17665.0,17725.0,17808.0,17907.0,
187,Papua New Guinea,PNG,5187060.0,5314248.0,5446641.0,5581762.0,5716161.0,5847586.0,5974629.0,6098621.0,6223377.0,6354245.0,6494903.0,6646895.0,6808514.0,6976201.0,7144776.0,7310507.0,7472200.0,7631002.0,7788379.0,7946731.0,8107775.0,8271760.0,8438029.0,8606316.0,
188,Poland,POL,38594998.0,38624370.0,38649660.0,38663481.0,38660271.0,38258629.0,38248076.0,38230364.0,38204570.0,38182222.0,38165445.0,38141267.0,38120560.0,38125759.0,38151603.0,38042794.0,38063255.0,38063164.0,38040196.0,38011735.0,37986412.0,37970087.0,37974826.0,37974750.0,
190,Puerto Rico,PRI,3683103.0,3724655.0,3759430.0,3781101.0,3800081.0,3810605.0,3818774.0,3823701.0,3826095.0,3826878.0,3821362.0,3805214.0,3782995.0,3760866.0,3740410.0,3721525.0,3678732.0,3634488.0,3593077.0,3534874.0,3473232.0,3406672.0,3325286.0,3193354.0,
191,"Korea, Dem. People's Rep.",PRK,21862299.0,22113438.0,22335267.0,22536753.0,22731482.0,22929075.0,23132980.0,23339453.0,23542426.0,23732731.0,23904167.0,24054864.0,24188331.0,24310142.0,24428341.0,24548836.0,24673385.0,24800612.0,24929452.0,25057752.0,25183833.0,25307744.0,25429985.0,25549819.0,
192,Portugal,PRT,10026176.0,10063945.0,10108977.0,10160196.0,10217828.0,10289898.0,10362722.0,10419631.0,10458821.0,10483861.0,10503330.0,10522288.0,10542964.0,10558177.0,10568247.0,10573100.0,10557560.0,10514844.0,10457295.0,10401062.0,10358076.0,10325452.0,10300300.0,10283822.0,
193,Paraguay,PRY,4776843.0,4887632.0,4998100.0,5107839.0,5216349.0,5323201.0,5428444.0,5531962.0,5632983.0,5730549.0,5824096.0,5913209.0,5998427.0,6081296.0,6163972.0,6248020.0,6333976.0,6421512.0,6510276.0,6599526.0,6688746.0,6777872.0,6867062.0,6956071.0,
194,West Bank and Gaza,PSE,2474666.0,2587997.0,2706518.0,2776568.0,2848431.0,2922153.0,2997784.0,3075373.0,3154969.0,3236626.0,3320396.0,3406334.0,3494496.0,3591977.0,3689099.0,3786161.0,3882986.0,3979998.0,4076708.0,4173398.0,4270092.0,4367088.0,4454805.0,4569087.0,
197,French Polynesia,PYF,218071.0,222322.0,226866.0,231570.0,236221.0,240686.0,244931.0,248972.0,252703.0,255992.0,258780.0,261010.0,262721.0,264061.0,265254.0,266455.0,267698.0,268998.0,270328.0,271705.0,273124.0,274575.0,276103.0,277679.0,
198,Qatar,QAT,513442.0,522531.0,535321.0,551562.0,570489.0,592468.0,615012.0,640868.0,681788.0,753334.0,865416.0,1022711.0,1218434.0,1436665.0,1654950.0,1856327.0,2035871.0,2196074.0,2336574.0,2459198.0,2565710.0,2654374.0,2724724.0,2781677.0,
199,Romania,ROU,22684270.0,22619004.0,22553978.0,22507344.0,22472040.0,22442971.0,22131970.0,21730496.0,21574326.0,21451748.0,21319685.0,21193760.0,20882982.0,20537875.0,20367487.0,20246871.0,20147528.0,20058035.0,19983693.0,19908979.0,19815616.0,19702267.0,19587290.0,19472545.0,
200,Russian Federation,RUS,148375787.0,148160129.0,147915361.0,147670784.0,147214776.0,146596869.0,145976482.0,145306497.0,144648618.0,144067316.0,143518814.0,143049637.0,142805114.0,142742366.0,142785349.0,142849468.0,142960908.0,143201721.0,143506995.0,143819667.0,144096870.0,144342397.0,144496739.0,144477859.0,
201,Rwanda,RWA,5836495.0,6013107.0,6419901.0,6962802.0,7501234.0,7933681.0,8231156.0,8427060.0,8557161.0,8680524.0,8840215.0,9043337.0,9273757.0,9524534.0,9782770.0,10039338.0,10293331.0,10549678.0,10811543.0,11083635.0,11369071.0,11668818.0,11980937.0,12301939.0,
203,Saudi Arabia,SAU,18638787.0,19033845.0,19407142.0,19783304.0,20194527.0,20663843.0,21202642.0,21805313.0,22456649.0,23132682.0,23816183.0,24498310.0,25184597.0,25888541.0,26630303.0,27421461.0,28267685.0,29155187.0,30052518.0,30916994.0,31717667.0,32442572.0,33099147.0,33699947.0,
204,Sudan,SDN,24094747.0,24782383.0,25413917.0,26015521.0,26626520.0,27275015.0,27971082.0,28704778.0,29460519.0,30214193.0,30949516.0,31661823.0,32360621.0,33060837.0,33783788.0,34545013.0,35349681.0,36193783.0,37072550.0,37977655.0,38902950.0,39847440.0,40813396.0,41801533.0,
205,Senegal,SEN,8690164.0,8912861.0,9130877.0,9347774.0,9568722.0,9797734.0,10036104.0,10283699.0,10541467.0,10810083.0,11090116.0,11382268.0,11687080.0,12004701.0,12335084.0,12678148.0,13033809.0,13401991.0,13782420.0,14174731.0,14578459.0,14993528.0,15419381.0,15854360.0,
206,Singapore,SGP,3524506.0,3670704.0,3796038.0,3927213.0,3958723.0,4027887.0,4138012.0,4175950.0,4114826.0,4166664.0,4265762.0,4401365.0,4588599.0,4839396.0,4987573.0,5076732.0,5183688.0,5312437.0,5399162.0,5469724.0,5535002.0,5607283.0,5612253.0,5638676.0,
207,Solomon Islands,SLB,359281.0,369523.0,379999.0,390693.0,401586.0,412660.0,423944.0,435432.0,447017.0,458539.0,469918.0,481078.0,492132.0,503360.0,515181.0,527861.0,541521.0,556064.0,571335.0,587079.0,603118.0,619437.0,636038.0,652858.0,
208,Sierra Leone,SLE,4303957.0,4312666.0,4335301.0,4381483.0,4462378.0,4584571.0,4754072.0,4965766.0,5201070.0,5433991.0,5645624.0,5829237.0,5989633.0,6133603.0,6272734.0,6415634.0,6563240.0,6712581.0,6863980.0,7017144.0,7171914.0,7328838.0,7488431.0,7650154.0,
209,El Salvador,SLV,5628600.0,5689938.0,5746284.0,5797765.0,5844846.0,5887936.0,5927006.0,5962136.0,5994077.0,6023797.0,6052123.0,6079399.0,6105810.0,6131764.0,6157686.0,6183875.0,6210568.0,6237923.0,6266070.0,6295128.0,6325124.0,6356143.0,6388122.0,6420744.0,
210,San Marino,SMR,25928.0,26252.0,26562.0,26840.0,27145.0,27462.0,27812.0,28175.0,28562.0,28940.0,29324.0,29700.0,30063.0,30434.0,30816.0,31229.0,31661.0,32105.0,32553.0,32948.0,33272.0,33504.0,33671.0,33785.0,
211,Somalia,SOM,7491637.0,7682686.0,7936127.0,8235064.0,8553601.0,8872254.0,9186725.0,9501342.0,9815412.0,10130243.0,10446863.0,10763905.0,11080121.0,11397188.0,11717692.0,12043883.0,12376302.0,12715510.0,13063706.0,13423576.0,13797201.0,14185613.0,14589119.0,15008154.0,
212,Serbia,SRB,7625357.0,7617794.0,7596501.0,7567745.0,7540401.0,7516346.0,7503433.0,7496522.0,7480591.0,7463157.0,7440769.0,7411569.0,7381579.0,7350222.0,7320807.0,7291436.0,7234099.0,7199077.0,7164132.0,7130576.0,7095383.0,7058322.0,7020858.0,6982604.0,
214,South Sudan,SSD,5118083.0,5221926.0,5411655.0,5661942.0,5933882.0,6199394.0,6447793.0,6688226.0,6935676.0,7213351.0,7535932.0,7907406.0,8315139.0,8736939.0,9142259.0,9508364.0,9830698.0,10113647.0,10355036.0,10554883.0,10715658.0,10832512.0,10910759.0,10975920.0,
215,Sub-Saharan Africa,SSF,583413264.0,599067775.0,615054366.0,631400655.0,648148324.0,665327586.0,682956068.0,701066167.0,719716216.0,738983255.0,758924675.0,779566825.0,800908541.0,822945458.0,845655216.0,869025109.0,893045759.0,917725627.0,943038959.0,968957980.0,995458480.0,1022530536.0,1050162972.0,1078319418.0,
217,Sao Tome and Principe,STP,131678.0,133806.0,135832.0,137848.0,139959.0,142262.0,144755.0,147447.0,150415.0,153737.0,157472.0,161681.0,166300.0,171120.0,175876.0,180371.0,184524.0,188404.0,192087.0,195727.0,199432.0,203227.0,207089.0,211028.0,
218,Suriname,SUR,441851.0,448207.0,454165.0,459838.0,465380.0,470944.0,476574.0,482228.0,487938.0,493680.0,499461.0,505292.0,511181.0,517122.0,523113.0,529126.0,535177.0,541247.0,547295.0,553278.0,559136.0,564883.0,570501.0,575987.0,
219,Slovak Republic,SVK,5361999.0,5373361.0,5383291.0,5390516.0,5396020.0,5388720.0,5378867.0,5376912.0,5373374.0,5372280.0,5372807.0,5373054.0,5374622.0,5379233.0,5386406.0,5391428.0,5398384.0,5407579.0,5413393.0,5418649.0,5423801.0,5430798.0,5439232.0,5446771.0,
220,Slovenia,SVN,1989872.0,1988628.0,1985956.0,1981629.0,1983045.0,1988925.0,1992060.0,1994530.0,1995733.0,1997012.0,2000474.0,2006868.0,2018122.0,2021316.0,2039669.0,2048583.0,2052843.0,2057159.0,2059953.0,2061980.0,2063531.0,2065042.0,2066388.0,2073894.0,
221,Sweden,SWE,8826939.0,8840998.0,8846062.0,8850974.0,8857874.0,8872109.0,8895960.0,8924958.0,8958229.0,8993531.0,9029572.0,9080505.0,9148092.0,9219637.0,9298515.0,9378126.0,9449213.0,9519374.0,9600379.0,9696110.0,9799186.0,9923085.0,10057698.0,10175214.0,
222,Eswatini,SWZ,926841.0,945508.0,963426.0,979918.0,994108.0,1005435.0,1013609.0,1019059.0,1022802.0,1026286.0,1030579.0,1036092.0,1042652.0,1049945.0,1057467.0,1064837.0,1072032.0,1079288.0,1086839.0,1095021.0,1104044.0,1113984.0,1124753.0,1136191.0,
223,Sint Maarten (Dutch part),SXM,31160.0,31436.0,31729.0,31240.0,31084.0,30519.0,30600.0,30777.0,31472.0,32488.0,33011.0,33441.0,33811.0,33964.0,34238.0,34056.0,33435.0,34640.0,36607.0,37685.0,38825.0,39969.0,40574.0,40654.0,
224,Seychelles,SYC,75304.0,76417.0,77319.0,78846.0,80410.0,81131.0,81202.0,83723.0,82781.0,82475.0,82858.0,84600.0,85033.0,86956.0,87298.0,89770.0,87441.0,88303.0,89949.0,91359.0,93419.0,94677.0,95843.0,96762.0,
225,Syrian Arab Republic,SYR,14345492.0,14754142.0,15175316.0,15599591.0,16013985.0,16410848.0,16766561.0,17084632.0,17415214.0,17827825.0,18361176.0,19059258.0,19878254.0,20664038.0,21205873.0,21362529.0,21082966.0,20442541.0,19584274.0,18715672.0,17997408.0,17453933.0,17068002.0,16906283.0,
226,Turks and Caicos Islands,TCA,16216.0,16926.0,17567.0,18232.0,19065.0,20164.0,21573.0,23232.0,25011.0,26700.0,28180.0,29391.0,30385.0,31202.0,31934.0,32660.0,33377.0,34066.0,34731.0,35369.0,35981.0,36559.0,37115.0,37665.0,
227,Chad,TCD,7010145.0,7250975.0,7503493.0,7770048.0,8053536.0,8355654.0,8678051.0,9019233.0,9373916.0,9734767.0,10096633.0,10457124.0,10818024.0,11183588.0,11560147.0,11952136.0,12360989.0,12784750.0,13220424.0,13663559.0,14110975.0,14561666.0,15016773.0,15477751.0,
230,Togo,TGO,4226291.0,4348805.0,4485951.0,4632446.0,4780448.0,4924402.0,5062567.0,5197031.0,5330639.0,5467766.0,5611640.0,5762880.0,5920359.0,6083420.0,6250835.0,6421679.0,6595943.0,6773807.0,6954721.0,7137997.0,7323158.0,7509952.0,7698475.0,7889094.0,
231,Thailand,THA,59467274.0,60130186.0,60846582.0,61585103.0,62298571.0,62952642.0,63539196.0,64069087.0,64549866.0,64995299.0,65416189.0,65812536.0,66182067.0,66530984.0,66866839.0,67195028.0,67518382.0,67835957.0,68144501.0,68438730.0,68714511.0,68971331.0,69209858.0,69428524.0,
232,Tajikistan,TJK,5764810.0,5851355.0,5938405.0,6027388.0,6119661.0,6216341.0,6318513.0,6426867.0,6541547.0,6662389.0,6789321.0,6922587.0,7062672.0,7209930.0,7364753.0,7527394.0,7697510.0,7874835.0,8059769.0,8252833.0,8454028.0,8663579.0,8880268.0,9100837.0,
233,Turkmenistan,TKM,4207841.0,4287346.0,4355116.0,4413479.0,4466135.0,4516133.0,4564083.0,4610005.0,4655743.0,4703401.0,4754646.0,4810109.0,4870141.0,4935767.0,5007954.0,5087213.0,5174085.0,5267900.0,5366375.0,5466328.0,5565287.0,5662372.0,5757669.0,5850908.0,
235,Timor-Leste,TLS,844334.0,855362.0,861866.0,866530.0,873136.0,884366.0,901214.0,922694.0,947108.0,971893.0,995135.0,1016432.0,1036392.0,1055431.0,1074277.0,1093523.0,1113151.0,1132994.0,1153295.0,1174331.0,1196302.0,1219288.0,1243261.0,1267972.0,
237,Tonga,TON,95976.0,96273.0,96619.0,97032.0,97482.0,97973.0,98487.0,99022.0,99589.0,100218.0,100905.0,101706.0,102581.0,103379.0,103890.0,103986.0,103562.0,102737.0,101768.0,101028.0,100781.0,101133.0,101998.0,103197.0,
240,Trinidad and Tobago,TTO,1254200.0,1257549.0,1259848.0,1261695.0,1263933.0,1267153.0,1271632.0,1277213.0,1283559.0,1290123.0,1296502.0,1302561.0,1308451.0,1314443.0,1320930.0,1328147.0,1336178.0,1344817.0,1353700.0,1362342.0,1370328.0,1377564.0,1384072.0,1389858.0,
241,Tunisia,TUN,9125398.0,9267340.0,9395123.0,9509857.0,9613588.0,9708350.0,9793903.0,9871251.0,9945277.0,10022277.0,10106771.0,10201214.0,10304726.0,10414433.0,10525694.0,10635244.0,10741880.0,10847002.0,10952951.0,11063201.0,11179949.0,11303946.0,11433443.0,11565204.0,
242,Turkey,TUR,58486456.0,59423282.0,60372568.0,61329676.0,62287397.0,63240194.0,64192243.0,65145367.0,66089402.0,67010930.0,67903469.0,68756810.0,69581848.0,70418604.0,71321399.0,72326988.0,73443863.0,74653016.0,75928564.0,77231907.0,78529409.0,79821724.0,81101892.0,82319724.0,
243,Tuvalu,TUV,9298.0,9323.0,9323.0,9332.0,9346.0,9394.0,9484.0,9596.0,9726.0,9869.0,10000.0,10120.0,10221.0,10314.0,10424.0,10530.0,10633.0,10739.0,10857.0,10972.0,11099.0,11225.0,11370.0,11508.0,
244,Tanzania,TZA,29649135.0,30444526.0,31192857.0,31924196.0,32682239.0,33499180.0,34385856.0,35334788.0,36337782.0,37379767.0,38450320.0,39548663.0,40681414.0,41853944.0,43073834.0,44346525.0,45673338.0,47052481.0,48482266.0,49959822.0,51482633.0,53050790.0,54663906.0,56318348.0,
245,Uganda,UGA,20413152.0,21032821.0,21655398.0,22290780.0,22952410.0,23650172.0,24388968.0,25167257.0,25980552.0,26821297.0,27684585.0,28571475.0,29486338.0,30431736.0,31411096.0,32428167.0,33476919.0,34559168.0,35695246.0,36912148.0,38225453.0,39647506.0,41162465.0,42723139.0,
246,Ukraine,UKR,51512800.0,51057800.0,50594600.0,50144500.0,49674000.0,49176500.0,48662400.0,48202470.0,47812949.0,47451626.0,47105171.0,46787786.0,46509355.0,46258189.0,46053331.0,45870741.0,45706086.0,45593342.0,45489648.0,45272155.0,45154036.0,45004673.0,44831135.0,44622518.0,
248,Uruguay,URY,3224281.0,3247381.0,3270164.0,3291053.0,3308012.0,3319736.0,3325473.0,3326040.0,3323668.0,3321476.0,3321803.0,3325401.0,3331749.0,3340221.0,3349676.0,3359275.0,3368934.0,3378974.0,3389439.0,3400434.0,3412009.0,3424132.0,3436646.0,3449299.0,
249,United States,USA,266278000.0,269394000.0,272657000.0,275854000.0,279040000.0,282162411.0,284968955.0,287625193.0,290107933.0,292805298.0,295516599.0,298379912.0,301231207.0,304093966.0,306771529.0,309321666.0,311556874.0,313830990.0,315993715.0,318301008.0,320635163.0,322941311.0,324985539.0,326687501.0,
250,Uzbekistan,UZB,22785000.0,23225000.0,23667000.0,24051000.0,24311650.0,24650400.0,24964450.0,25271850.0,25567650.0,25864350.0,26167000.0,26488250.0,26868000.0,27302800.0,27767400.0,28562400.0,29339400.0,29774500.0,30243200.0,30757700.0,31298900.0,31847900.0,32388600.0,32956100.0,
251,St. Vincent and the Grenadines,VCT,108035.0,107976.0,107895.0,107801.0,107758.0,107784.0,107896.0,108097.0,108326.0,108512.0,108614.0,108603.0,108518.0,108393.0,108287.0,108255.0,108316.0,108435.0,108622.0,108861.0,109148.0,109459.0,109827.0,110210.0,
252,"Venezuela, RB",VEN,21931084.0,22385650.0,22837743.0,23288564.0,23739841.0,24192446.0,24646472.0,25100408.0,25551624.0,25996594.0,26432447.0,26850194.0,27247610.0,27635832.0,28031009.0,28439940.0,28888369.0,29362449.0,29783571.0,30045134.0,30081829.0,29846179.0,29390409.0,28870195.0,
253,British Virgin Islands,VGB,19313.0,19502.0,19665.0,19821.0,20026.0,20311.0,20675.0,21129.0,21672.0,22334.0,23107.0,24023.0,25047.0,26097.0,27039.0,27794.0,28319.0,28650.0,28847.0,28989.0,29152.0,29355.0,29577.0,29802.0,
254,Virgin Islands (U.S.),VIR,107818.0,108095.0,108357.0,108537.0,108599.0,108642.0,108549.0,108509.0,108505.0,108466.0,108453.0,108369.0,108337.0,108397.0,108404.0,108357.0,108290.0,108188.0,108041.0,107882.0,107712.0,107516.0,107281.0,107001.0,
255,Vietnam,VNM,74910461.0,76068743.0,77133214.0,78115710.0,79035871.0,79910412.0,80742499.0,81534407.0,82301656.0,83062821.0,83832661.0,84617540.0,85419591.0,86243413.0,87092252.0,87967651.0,88871561.0,89802487.0,90753472.0,91714595.0,92677076.0,93638724.0,94596642.0,95540395.0,
256,Vanuatu,VUT,168158.0,171722.0,174921.0,177987.0,181265.0,184972.0,189219.0,193920.0,198959.0,204127.0,209282.0,214370.0,219472.0,224704.0,230247.0,236211.0,242653.0,249499.0,256635.0,263888.0,271130.0,278330.0,285510.0,292680.0,
258,Samoa,WSM,170054.0,171165.0,172068.0,172839.0,173609.0,174454.0,175392.0,176407.0,177484.0,178590.0,179727.0,180876.0,182046.0,183263.0,184556.0,185949.0,187469.0,189088.0,190717.0,192221.0,193513.0,194535.0,195352.0,196130.0,
259,Kosovo,XKX,2029000.0,2059000.0,2086000.0,1966000.0,1762000.0,1700000.0,1701154.0,1702310.0,1703466.0,1704622.0,1705780.0,1719536.0,1733404.0,1747383.0,1761474.0,1775680.0,1791000.0,1807106.0,1818117.0,1812771.0,1788196.0,1777557.0,1791003.0,1797085.0,
260,"Yemen, Rep.",YEM,14913315.0,15469274.0,15975668.0,16450310.0,16921149.0,17409072.0,17918373.0,18443691.0,18985000.0,19540098.0,20107409.0,20687646.0,21282515.0,21892146.0,22516460.0,23154855.0,23807588.0,24473178.0,25147109.0,25823485.0,26497889.0,27168210.0,27834821.0,28498687.0,
261,South Africa,ZAF,41435761.0,42241007.0,42987456.0,43682259.0,44338551.0,44967713.0,45571272.0,46150913.0,46719203.0,47291610.0,47880595.0,48489464.0,49119766.0,49779472.0,50477013.0,51216967.0,52003759.0,52832659.0,53687125.0,54544184.0,55386369.0,56207649.0,57009751.0,57792520.0,
262,Zambia,ZMB,9096607.0,9339733.0,9597609.0,9866476.0,10140561.0,10415944.0,10692193.0,10971698.0,11256743.0,11550642.0,11856247.0,12173514.0,12502958.0,12848530.0,13215139.0,13605984.0,14023193.0,14465121.0,14926504.0,15399753.0,15879361.0,16363507.0,16853688.0,17351822.0,
263,Zimbabwe,ZWE,11410714.0,11541217.0,11653242.0,11747072.0,11822719.0,11881477.0,11923914.0,11954290.0,11982224.0,12019912.0,12076699.0,12155491.0,12255922.0,12379549.0,12526968.0,12697723.0,12894316.0,13115131.0,13350356.0,13586681.0,13814629.0,14030390.0,14236745.0,14439018.0,
